A,B
"Typical recommendation systems",Neutral
"Standard validation processes",Neutral
"Standard functionality is present",Neutral
"Normal policy management",Neutral
"Adequate collaboration tools",Neutral
"Amazing conference speaking",Positive
"Perfect conversion rates",Positive
"Extremely vulnerable to attacks",Negative
"Absolutely no acquisition",Negative
"Perfect workflow integration",Positive
"Outstanding code quality",Positive
"Worst sales pipeline",Negative
"Regular data export options",Neutral
"Perfect response times",Positive
"Standard response collection",Neutral
"Extremely poor business continuity",Negative
"Amazing market penetration",Positive
"Standard attribution modeling",Neutral
"Worst value demonstration ever",Negative
"Completely broken graphs",Negative
"Standard automation features",Neutral
"Perfect risk assessment",Positive
"Adequate load balancing",Neutral
"Typical configuration settings",Neutral
"Normal patch management",Neutral
"Excellent multi-factor auth",Positive
"Normal supplier tracking",Neutral
"Terrible quality degradation",Negative
"Regular sales tracking",Neutral
"Love how easy it is to use",Positive
"Standard skill assessments",Neutral
"Adequate HR functionality",Neutral
"Typical capacity management",Neutral
"Completely failed conference speaking",Negative
"Terrible redundancy planning",Negative
"Terrible authentication system",Negative
"Regular forecasting tools",Neutral
"Typical meeting features",Neutral
"Terrible scheduling features",Negative
"The product works as advertised",Neutral
"Absolutely no data protection",Negative
"Adequate roadmap planning",Neutral
"Extremely poor access controls",Negative
"Absolutely no sharing options",Negative
"Standard statistical analysis",Neutral
"Terrible enhancement process",Negative
"Terrible privacy controls",Negative
"Absolutely no cost savings",Negative
"Extremely poor optimization",Negative
"Regular version control",Neutral
"Completely failed development",Negative
"Regular environmental monitoring",Neutral
"Adequate business intelligence",Neutral
"Absolutely no failover systems",Negative
"Worst policy enforcement",Negative
"Great word-of-mouth marketing",Positive
"Standard screen sharing",Neutral
"Terrible backup solutions",Negative
"Terrible scalability issues",Negative
"Normal resource allocation",Neutral
"Terrible retention strategies",Negative
"Excellent testing framework",Positive
"Standard onboarding process",Neutral
"Average performance for this category",Neutral
"Completely useless insights",Negative
"Completely inadequate uptime",Negative
"Terrible user onboarding",Negative
"Amazing market share",Positive
"Amazing HIPAA support",Positive
"Absolutely no calendar integration",Negative
"Standard reporting capabilities",Neutral
"This product exceeded all my expectations",Positive
"Normal presentation tools",Neutral
"Excellent competency assessment",Positive
"Amazing retention rates",Positive
"Excellent scalability options",Positive
"Perfect security updates",Positive
"Standard deal tracking",Neutral
"Amazing stakeholder buy-in",Positive
"Completely broken editing",Negative
"Absolutely no security updates",Negative
"Major functionality issues throughout",Negative
"Standard security features included",Neutral
"Adequate resource planning",Neutral
"Perfect cost allocation",Positive
"Completely failed leadership",Negative
"Excellent sales pipeline",Positive
"Perfect knowledge base",Positive
"Terrible AI implementation",Negative
"Great milestone tracking",Positive
"Completely failed training",Negative
"Absolutely no cultural fit",Negative
"Typical cloud storage",Neutral
"Standard industry benchmarking",Neutral
"Regular performance optimization",Neutral
"Worst skill development ever",Negative
"Standard reporting capabilities",Neutral
"Standard improvement tracking",Neutral
"Terrible channel development",Negative
"Terrible cost optimization",Negative
"Adequate knowledge base",Neutral
"Completely broken feedback",Negative
"Great webinar content",Positive
"Amazing competitive advantage",Positive
"Amazing progress reporting",Positive
"Perfect public relations",Positive
"Outstanding notification system",Positive
"Absolutely no skill validation",Negative
"Perfect niche domination",Positive
"Outstanding testimonials",Positive
"Completely broken automation",Negative
"Extremely poor export",Negative
"Amazing customer service experience",Positive
"Terrible redundancy planning",Negative
"Great training sessions",Positive
"Extremely poor reporting",Negative
"Normal graph capabilities",Neutral
"Excellent performance tuning",Positive
"Adequate social media tools",Neutral
"Excellent failover systems",Positive
"Absolutely terrible rankings",Negative
"Terrible software architecture",Negative
"Absolutely no regulatory support",Negative
"Worst value destruction",Negative
"Excellent workshop facilitation",Positive
"Perfect debugging features",Positive
"Outstanding expertise growth",Positive
"Terrible training delivery",Negative
"Normal installation process",Neutral
"Excellent recommendation engine",Positive
"Standard competency building",Neutral
"Perfect certification paths",Positive
"Extremely toxic workplace culture",Negative
"Absolutely terrible release management",Negative
"Absolutely no encryption",Negative
"Extremely poor business continuity",Negative
"Extremely poor change management",Negative
"Excellent team dynamics",Positive
"Perfect dashboard design",Positive
"Perfect vulnerability scanning",Positive
"Absolutely no geographic growth",Negative
"Completely stagnant growth",Negative
"Extremely poor feedback",Negative
"Outstanding mentorship programs",Positive
"Highly impressed with the results",Positive
"Standard expansion support",Neutral
"Standard file formats supported",Neutral
"Great CCPA adherence",Positive
"Amazing ROI calculations",Positive
"Outstanding access controls",Positive
"Absolutely no capacity planning",Negative
"Outstanding innovation pipeline",Positive
"Great security frameworks",Positive
"Regular email marketing",Neutral
"Normal competitive research",Neutral
"Outstanding team productivity",Positive
"Amazing segment targeting",Positive
"Excellent efficiency gains",Positive
"Excellent time tracking",Positive
"Great time savings",Positive
"Great succession planning",Positive
"Extremely vulnerable to attacks",Negative
"Standard help desk features",Neutral
"Absolutely no user management",Negative
"Outstanding leadership backing",Positive
"Worst revenue impact",Negative
"Typical shopping cart",Neutral
"Terrible collaboration experience",Negative
"Amazing cultural transformation",Positive
"Excellent documentation provided",Positive
"Outstanding sales reach",Positive
"Great market orientation",Positive
"Standard tracking capabilities",Neutral
"Regular expense tracking",Neutral
"Standard sustainability reporting",Neutral
"Terrible segmentation",Negative
"Standard maintenance scheduling",Neutral
"Amazing scalability testing",Positive
"Outstanding reputation",Positive
"Completely broken monitoring",Negative
"Absolutely no profit analysis",Negative
"Standard deployment tools",Neutral
"Standard release management",Neutral
"Outstanding customer satisfaction",Positive
"Regular website analytics",Neutral
"Standard loyalty measurement",Neutral
"Normal dashboard creation",Neutral
"Perfect employee satisfaction",Positive
"Completely failed growth",Negative
"Great API documentation",Positive
"Extremely slow response times",Negative
"Absolutely no industry recognition",Negative
"Amazing cost reductions",Positive
"Normal reputation tracking",Neutral
"Outstanding enhancement delivery",Positive
"Amazing forward compatibility",Positive
"Completely disappointed with this purchase",Negative
"Adequate monitoring tools",Neutral
"Regular content management",Neutral
"Standard reminder features",Neutral
"Perfect cost optimization",Positive
"Extremely poor SEO results",Negative
"Extremely poor access management",Negative
"Perfect funnel optimization",Positive
"Excellent incident response",Positive
"The product works as advertised",Neutral
"Amazing cloud integration",Positive
"Terrible ecosystem development",Negative
"Normal improvement processes",Neutral
"Outstanding ROI measurement",Positive
"Standard chart types",Neutral
"Worst A/B testing",Negative
"Terrible demographic reach",Negative
"Amazing customer feedback",Positive
"Extremely poor planning",Negative
"Normal pricing model",Neutral
"Regular data visualization",Neutral
"Great capacity planning",Positive
"Standard vulnerability scanning",Neutral
"Completely failed talent retention",Negative
"Completely broken distribution",Negative
"Standard webhook support",Neutral
"Completely inadequate throughput",Negative
"Regular feedback systems",Neutral
"Amazing cross-selling results",Positive
"Adequate quality management",Neutral
"Typical purchasing workflow",Neutral
"Terrible website performance",Negative
"Extremely poor time management",Negative
"Outstanding FAQ section",Positive
"Amazing partnership strategy",Positive
"Terrible executive backing",Negative
"Standard data synchronization",Neutral
"Worst content performance",Negative
"Terrible quality assurance",Negative
"Adequate e-commerce features",Neutral
"Typical timesheet functionality",Neutral
"Amazing learning opportunities",Positive
"Great upselling success",Positive
"Amazing product updates",Positive
"Outstanding expansion results",Positive
"Perfect cost analysis",Positive
"Regular backup functionality",Neutral
"Excellent lifetime value",Positive
"Standard synchronization features",Neutral
"Standard access controls",Neutral
"Absolutely no encryption",Negative
"Typical skill development",Neutral
"Adequate risk assessment",Neutral
"Standard payroll integration",Neutral
"Perfect knowledge sharing",Positive
"Impressive innovation and quality",Positive
"Typical integration capabilities",Neutral
"Worst feature prioritization",Negative
"Excellent latency reduction",Positive
"Typical coding environment",Neutral
"Completely stifled innovation",Negative
"Great logging capabilities",Positive
"Amazing access management",Positive
"Exceptional reliability and durability",Positive
"Terrible audit readiness",Negative
"Excellent revenue generation",Positive
"Regular update schedule",Neutral
"Adequate for basic business needs",Neutral
"Worst stress test results",Negative
"Amazing CI/CD pipeline",Positive
"Amazing speed improvements",Positive
"Excellent customer loyalty",Positive
"Best-in-class performance",Positive
"Excellent priority setting",Positive
"Major functionality issues throughout",Negative
"Excellent mitigation strategies",Positive
"Perfect integration capabilities",Positive
"Normal productivity metrics",Neutral
"Perfect user management",Positive
"Excellent market capture",Positive
"Completely disappointed with this purchase",Negative
"Standard permission settings",Neutral
"Terrible collaboration tools",Negative
"Excellent leadership development",Positive
"Completely missed targeting",Negative
"Normal maintenance requirements",Neutral
"Perfect SOX compliance",Positive
"Perfect strategic positioning",Positive
"Regular revenue reporting",Neutral
"Absolutely no insights",Negative
"Regular A/B testing",Neutral
"Outstanding PCI DSS",Positive
"Standard engagement metrics",Neutral
"Typical workflow approval",Neutral
"Typical FAQ system",Neutral
"Great award achievements",Positive
"Normal team workspaces",Neutral
"Great industry insights",Positive
"Outstanding data analytics",Positive
"Terrible conversion rates",Negative
"Standard workload distribution",Neutral
"Absolutely no identity verification",Negative
"Great business case",Positive
"Great success stories",Positive
"Standard usage monitoring",Neutral
"Terrible market orientation",Negative
"Perfect panel participation",Positive
"Absolutely no speed improvements",Negative
"Outstanding quality assurance",Positive
"Perfect coaching support",Positive
"Completely exposed threats",Negative
"Perfect case studies",Positive
"Excellent roadmap planning",Positive
"Worst security implementation",Negative
"Typical widget options",Neutral
"Standard payment processing",Neutral
"Great deal closure rates",Positive
"Extremely poor margins",Negative
"Standard interview scheduling",Neutral
"Perfect version control",Positive
"Absolutely no value for money",Negative
"Typical repository management",Neutral
"Adequate user training",Neutral
"Perfect future-proofing",Positive
"Absolutely no stakeholder support",Negative
"Great issue resolution",Positive
"Outstanding vulnerability fixes",Positive
"Completely outdated technology",Negative
"Typical expansion metrics",Neutral
"Normal response times",Neutral
"Adequate training materials",Neutral
"Completely lost competitive edge",Negative
"Normal audience analysis",Neutral
"Normal alert mechanisms",Neutral
"Outstanding market expansion",Positive
"Excellent geographic growth",Positive
"Total waste of money and time",Negative
"Great user onboarding",Positive
"Perfect regulatory support",Positive
"Regular system monitoring",Neutral
"Completely failed ROI measurement",Negative
"Normal user groups",Neutral
"Normal installation process",Neutral
"Absolutely no speed improvements",Negative
"Perfect continuous improvement",Positive
"Adequate survey tools",Neutral
"Adequate campaign results",Neutral
"Outstanding category leadership",Positive
"Excellent governance framework",Positive
"Great ecosystem development",Positive
"Extremely poor patch management",Negative
"Outstanding workplace culture",Positive
"Standard experience tracking",Neutral
"Extremely negative testimonials",Negative
"Completely destroyed reputation",Negative
"Great update frequency",Positive
"Typical suggestion systems",Neutral
"Amazing machine learning",Positive
"Standard improvement requests",Neutral
"Standard documentation management",Neutral
"Excellent go-live experience",Positive
"Perfect automation features",Positive
"Amazing user experience overall",Positive
"Terrible response times",Negative
"Excellent research reports",Positive
"Amazing development speed",Positive
"Perfect brand recognition",Positive
"Regular training modules",Neutral
"Extremely failed deployment",Negative
"Outstanding growth metrics",Positive
"Standard enhancement delivery",Neutral
"Excellent workflow optimization",Positive
"Perfect knowledge transfer",Positive
"Extremely poor category position",Negative
"Great collaboration spirit",Positive
"Standard enhancement workflows",Neutral
"Standard demographic tracking",Neutral
"Regular brand monitoring",Neutral
"Normal rating mechanisms",Neutral
"Standard redundancy planning",Neutral
"Worst implementation disaster",Negative
"Highly recommend to everyone",Positive
"Completely broken tracking",Negative
"Completely failed differentiation",Negative
"Adequate scalability planning",Neutral
"Regular recruitment tools",Neutral
"Worst investment decision ever",Negative
"Amazing competency building",Positive
"Extremely poor engagement",Negative
"Completely broken approvals",Negative
"Adequate journey mapping",Neutral
"Perfect feature requests",Positive
"Worst niche performance",Negative
"Great skill development",Positive
"Excellent content marketing",Positive
"Absolutely no revenue generation",Negative
"Adequate shipping integration",Neutral
"Normal traffic reporting",Neutral
"Great industry influence",Positive
"Excellent maintenance support",Positive
"Great profit maximization",Positive
"Typical carrier support",Neutral
"Great channel development",Positive
"Extremely poor financial reporting",Negative
"Great redundancy planning",Positive
"Extremely poor performance monitoring",Negative
"Worst workflow design",Negative
"Wonderful product design",Positive
"Amazing encryption standards",Positive
"Absolutely no value proposition",Negative
"Worst latency issues ever",Negative
"Amazing compliance adherence",Positive
"Perfect market research",Positive
"Regular usage analytics",Neutral
"Worst SLA violations ever",Negative
"Excellent backup solutions",Positive
"Excellent search functionality",Positive
"Brilliant design and functionality",Positive
"Outstanding reporting capabilities",Positive
"Outstanding lead generation",Positive
"Regular customer service tools",Neutral
"Great unique selling points",Positive
"Normal certification paths",Neutral
"Amazing operational efficiency",Positive
"Completely failed churn reduction",Negative
"Absolutely no capacity management",Negative
"Standard influence measurement",Neutral
"Terrible adoption rates",Negative
"Typical authentication system",Neutral
"Excellent performance monitoring",Positive
"Normal ticket management",Neutral
"Outstanding meeting features",Positive
"Adequate social listening",Neutral
"Amazing high availability",Positive
"Absolutely terrible visualization",Negative
"Absolutely no resource efficiency",Negative
"Perfect solution for my needs",Positive
"Terrible competitive position",Negative
"Standard error tracking",Neutral
"Worst recommendation engine",Negative
"Worst agenda management",Negative
"Normal engagement tracking",Neutral
"Worst single sign-on implementation",Negative
"Completely broken authorization",Negative
"Outstanding stress testing",Positive
"Outstanding conversion optimization",Positive
"Standard licensing terms",Neutral
"Regular continuous integration",Neutral
"Standard performance alerts",Neutral
"Outstanding deployment success",Positive
"Extremely poor password policies",Negative
"Great SEO performance",Positive
"Outstanding change management",Positive
"Normal import functionality",Neutral
"Regular certification programs",Neutral
"Typical sharing options",Neutral
"Typical churn tracking",Neutral
"Worst legacy support",Negative
"Regular audit preparation",Neutral
"Worst notification system",Negative
"Typical log management",Neutral
"Standard regulatory reporting",Neutral
"Normal resource tuning",Neutral
"Typical budget controls",Neutral
"Perfect data protection",Positive
"Completely failed roadmap",Negative
"Worst audit trail ever",Negative
"Brilliant engineering work",Positive
"Absolutely fantastic quality and service",Positive
"Standard incident response",Neutral
"Regular communication tools",Neutral
"Adequate monitoring solutions",Neutral
"Meets basic operational requirements",Neutral
"Worst knowledge sharing",Negative
"Perfect identity verification",Positive
"Perfect load testing",Positive
"Extremely poor keynote delivery",Negative
"Worst coaching support ever",Negative
"Adequate workflow automation",Neutral
"Great policy enforcement",Positive
"Normal publishing workflow",Neutral
"Typical features for the price point",Neutral
"Extremely poor bandwidth usage",Negative
"Standard troubleshooting guides",Neutral
"Standard sentiment analysis",Neutral
"Excellent problem-solving tool",Positive
"Terrible integration capabilities",Negative
"Outstanding social media presence",Positive
"Typical responsive design",Neutral
"Adequate feedback channels",Neutral
"Typical satisfaction tracking",Neutral
"Adequate procurement tools",Neutral
"Extremely poor bandwidth usage",Negative
"Regular capacity planning",Neutral
"Standard release schedules",Neutral
"Amazing advocacy rates",Positive
"Standard documentation provided",Neutral
"Typical touchpoint analysis",Neutral
"Perfect alliance management",Positive
"Typical scheduling features",Neutral
"Outstanding throughput gains",Positive
"Worst investment decision ever",Negative
"Absolutely terrible retention",Negative
"Amazing transformation examples",Positive
"Amazing educational content",Positive
"Completely unreliable and buggy",Negative
"Standard billing integration",Neutral
"Worst customer relations",Negative
"Worst technical support team",Negative
"Terrible profit performance",Negative
"Outstanding threat modeling",Positive
"Completely useless for business",Negative
"Absolutely terrible user interface",Negative
"Adequate calendar integration",Neutral
"Terrible response times",Negative
"Amazing error handling",Positive
"Outstanding customer delight",Positive
"Worst issue resolution",Negative
"Outstanding impact analysis",Positive
"Excellent case studies",Positive
"Completely failed migration",Negative
"Normal feature releases",Neutral
"Excellent industry recognition",Positive
"Worst disaster planning ever",Negative
"Typical conversion tracking",Neutral
"Great contingency planning",Positive
"Typical growth management",Neutral
"Extremely poor build quality",Negative
"Normal messaging features",Neutral
"Completely failed load testing",Negative
"Adequate dashboard layout",Neutral
"Excellent value proposition",Positive
"Standard keyword tracking",Neutral
"Typical recovery options",Neutral
"Outstanding documentation",Positive
"Great version tracking",Positive
"Worst analytics dashboard",Negative
"Worst market coverage",Negative
"Outstanding data migration",Positive
"Perfect AI integration",Positive
"Completely unreliable recovery",Negative
"Completely failed coordination",Negative
"Extremely poor milestone tracking",Negative
"Adequate cost optimization",Neutral
"Absolutely terrible workshop facilitation",Negative
"Completely failed lead generation",Negative
"Extremely poor knowledge transfer",Negative
"Standard milestone features",Neutral
"Completely failed market penetration",Negative
"Standard sorting capabilities",Neutral
"Worst table formatting",Negative
"Outstanding caching system",Positive
"Completely non-compliant system",Negative
"Excellent resource allocation",Positive
"Terrible scalability issues",Negative
"Extremely poor build quality",Negative
"Regular integration platform",Neutral
"Great predictive analytics",Positive
"Absolutely no failover systems",Negative
"Extremely frustrating to use daily",Negative
"Standard funnel analysis",Neutral
"Absolutely terrible case studies",Negative
"Standard recording options",Neutral
"Regular API documentation",Neutral
"Adequate change management",Neutral
"Standard conversion tracking",Neutral
"Completely failed advocacy",Negative
"Excellent A/B testing",Positive
"Worst technical support team",Negative
"Excellent video tutorials",Positive
"Extremely poor community building",Negative
"Exceptional value for the price",Positive
"Worst utilization rates",Negative
"Standard workflow capabilities",Neutral
"Absolutely no problem resolution",Negative
"Great resource planning",Positive
"Outstanding community building",Positive
"Normal quality assurance",Neutral
"Absolutely no leadership development",Negative
"Outstanding task management",Positive
"Absolutely no market share",Negative
"Great community support",Positive
"Extremely poor vendor relations",Negative
"Absolutely no viral potential",Negative
"Worst resource allocation",Negative
"Normal experiment design",Neutral
"Great customization possibilities",Positive
"Normal system performance",Neutral
"Terrible vulnerability handling",Negative
"Typical data processing",Neutral
"Absolutely no market capture",Negative
"Amazing media coverage",Positive
"Outstanding brand differentiation",Positive
"Outstanding single sign-on",Positive
"Perfect communication tools",Positive
"Completely inadequate throughput",Negative
"Absolutely no future-proofing",Negative
"Amazing search rankings",Positive
"Extremely poor engagement",Negative
"Extremely poor compliance",Negative
"Worst public relations disaster",Negative
"Normal assessment tools",Neutral
"Completely failed optimization",Negative
"Extremely poor certification",Negative
"Regular task management",Neutral
"Amazing recovery procedures",Positive
"Extremely poor access controls",Negative
"Excellent satisfaction scores",Positive
"Regular vendor management",Neutral
"Standard user interface design",Neutral
"Standard debugging features",Neutral
"Extremely poor thought leadership",Negative
"Normal system performance",Neutral
"Worst expense tracking ever",Negative
"Worst disaster planning ever",Negative
"Great backward compatibility",Positive
"Normal update procedures",Neutral
"Outstanding privacy controls",Positive
"Worst SLA violations ever",Negative
"Terrible cost allocation",Negative
"Normal behavior tracking",Neutral
"Standard order processing",Neutral
"Excellent audit trails",Positive
"Perfect workload distribution",Positive
"Completely blown budget",Negative
"Completely useless for business",Negative
"Adequate version control",Neutral
"Worst improvement processes",Negative
"Total waste of money and time",Negative
"Terrible usage patterns",Negative
"Perfect release management",Positive
"Normal campaign management",Neutral
"Standard compliance features",Neutral
"Amazing import capabilities",Positive
"Extremely poor mentorship",Negative
"Excellent training delivery",Positive
"Terrible loyalty metrics",Negative
"Amazing conference presentations",Positive
"Fantastic user interface design",Positive
"Extremely poor compatibility",Negative
"Amazing differentiation strategy",Positive
"Outstanding security features",Positive
"Excellent supplier partnerships",Positive
"Standard efficiency tools",Neutral
"Normal change tracking",Neutral
"Absolutely no cross-selling",Negative
"Standard review processes",Neutral
"Typical employee management",Neutral
"Terrible innovation pipeline",Negative
"Outstanding skill validation",Positive
"Terrible task assignment",Negative
"Outstanding technical support",Positive
"Standard profit tracking",Neutral
"Perfect status updates",Positive
"Absolutely no recognition",Negative
"Outstanding value proposition",Positive
"Terrible system integration",Negative
"Terrible cost allocation",Negative
"Amazing performance optimization",Positive
"Regular reporting engine",Neutral
"Perfect scaling success",Positive
"Worst scaling failure",Negative
"Outstanding automation",Positive
"Standard visualization tools",Neutral
"Standard benchmarking tools",Neutral
"Typical mention tracking",Neutral
"Adequate growth tracking",Neutral
"Excellent network effects",Positive
"Extremely poor quality culture",Negative
"Terrible workload distribution",Negative
"Typical evaluation forms",Neutral
"Amazing innovation mindset",Positive
"Standard lifetime calculations",Neutral
"Normal compliance checking",Neutral
"Adequate facility management",Neutral
"Terrible software architecture",Negative
"Adequate search functionality",Neutral
"Standard audit trail",Neutral
"Typical learning curve",Neutral
"Great onboarding process",Positive
"Regular cost structure",Neutral
"Absolutely no value for money",Negative
"Standard branch handling",Neutral
"Outstanding competitive analysis",Positive
"Completely blown budget",Negative
"Amazing support resources",Positive
"Absolutely terrible go-live",Negative
"Perfect value creation",Positive
"Excellent training materials",Positive
"Extremely poor password policies",Negative
"Normal profit analysis",Neutral
"Outstanding budget planning",Positive
"Worst security implementation",Negative
"Great performance metrics",Positive
"Adequate time tracking",Neutral
"Standard version tracking",Neutral
"Extremely poor financial reporting",Negative
"Excellent career advancement",Positive
"Completely useless content",Negative
"Completely non-compliant system",Negative
"Outstanding churn reduction",Positive
"Standard disaster planning",Neutral
"Standard expense management",Neutral
"Adequate user management",Neutral
"Meets basic operational requirements",Neutral
"Typical process controls",Neutral
"Absolutely no profit analysis",Negative
"Terrible documentation and support",Negative
"Standard trend analysis",Neutral
"Terrible succession planning",Negative
"Great project management",Positive
"Typical cost analysis",Neutral
"Normal API management",Neutral
"Regular market analysis",Neutral
"Amazing change management",Positive
"Completely failed personalization",Negative
"Worst audit trail ever",Negative
"Great export options",Positive
"Absolutely no problem resolution",Negative
"Adequate file sharing",Neutral
"Completely negative media coverage",Negative
"Completely disastrous examples",Negative
"Normal applicant tracking",Neutral
"Regular market research",Neutral
"Completely broken out of the box",Negative
"Standard metric tracking",Neutral
"Amazing patch management",Positive
"Typical data mining",Neutral
"Regular compliance tracking",Neutral
"Regular asset management",Neutral
"Perfect uptime guarantees",Positive
"Adequate customization options",Neutral
"Worst strategic positioning",Negative
"Standard downtime scheduling",Neutral
"Excellent file sharing",Positive
"Absolutely no capacity planning",Negative
"Amazing customer acquisition",Positive
"Terrible career impact",Negative
"Great deployment process",Positive
"Great loyalty metrics",Positive
"Extremely poor analytics",Negative
"Regular security updates",Neutral
"Completely failed project management",Negative
"Completely broken out of the box",Negative
"Amazing team collaboration",Positive
"Amazing feedback systems",Positive
"Absolutely no data protection",Negative
"Adequate personalization",Neutral
"Standard editorial calendar",Neutral
"Regular community forums",Neutral
"Typical failover systems",Neutral
"Standard reach analysis",Neutral
"Standard depreciation calculations",Neutral
"Worst latency issues ever",Negative
"Outstanding keynote delivery",Positive
"Standard browser support",Neutral
"Amazing resource utilization",Positive
"Great financial reporting",Positive
"Typical features for the price point",Neutral
"Terrible failure stories",Negative
"Typical conversion metrics",Neutral
"Typical help resources",Neutral
"Perfect implementation results",Positive
"Adequate analytics platform",Neutral
"Regular backup functionality",Neutral
"Typical posting capabilities",Neutral
"Standard table formatting",Neutral
"Amazing growth acceleration",Positive
"Typical filtering options",Neutral
"Completely broken authorization",Negative
"Great compliance features",Positive
"Standard targeting capabilities",Neutral
"Standard efficiency measures",Neutral
"Typical integration capabilities",Neutral
"Terrible documentation and support",Negative
"Excellent ISO certification",Positive
"Adequate customer surveys",Neutral
"Terrible authentication system",Negative
"Regular inventory management",Neutral
"Perfect customer acquisition",Positive
"Excellent expert positioning",Positive
"Standard approval processes",Neutral
"Worst customer service I've ever experienced",Negative
"Excellent threat protection",Positive
"Regular notification system",Neutral
"Standard knowledge sharing",Neutral
"Perfect executive support",Positive
"Perfect referral programs",Positive
"Outstanding SLA compliance",Positive
"Completely failed load testing",Negative
"Extremely poor upselling",Negative
"Typical development cycles",Neutral
"Standard market penetration",Neutral
"Extremely poor analysis",Negative
"Terrible industry influence",Negative
"Amazing viral growth",Positive
"Standard troubleshooting guides",Neutral
"Horrible performance and speed",Negative
"Regular product updates",Neutral
"Standard project areas",Neutral
"Typical process optimization",Neutral
"Terrible organic reach",Negative
"Terrible brand damage",Negative
"Worst stress test results",Negative
"Adequate ROI calculations",Neutral
"Standard performance metrics",Neutral
"Outstanding white papers",Positive
"Adequate user management",Neutral
"Typical CRM functionality",Neutral
"Adequate retention analysis",Neutral
"Great competitive positioning",Positive
"Terrible award track record",Negative
"Perfect system integration",Positive
"Regular collaboration spaces",Neutral
"Terrible performance evaluation",Negative
"Worst status reporting",Negative
"Amazing disaster recovery",Positive
"Terrible integration capabilities",Negative
"Regular optimization tools",Neutral
"Perfect customer segmentation",Positive
"Outstanding customer support team",Positive
"Terrible privacy controls",Negative
"Worst learning experience ever",Negative
"Absolutely no efficiency gains",Negative
"Worst referral programs",Negative
"Regular customer support response",Neutral
"Typical threat monitoring",Neutral
"Standard contact organization",Neutral
"Standard documentation provided",Neutral
"Perfect quality improvements",Positive
"Amazing business continuity",Positive
"Adequate customer management",Neutral
"Terrible funnel performance",Negative
"Worst expense tracking ever",Negative
"Adequate mobile compatibility",Neutral
"Regular support channels",Neutral
"Absolutely no expert credibility",Negative
"Outstanding vendor relations",Positive
"Normal competitive analysis",Neutral
"Normal budget management",Neutral
"Great performance evaluation",Positive
"Adequate performance reviews",Neutral
"Standard financial reporting",Neutral
"Extremely poor brand image",Negative
"Extremely slow development",Negative
"Best investment I've made this year",Positive
"Absolutely terrible satisfaction",Negative
"Great feature prioritization",Positive
"Absolutely no follow-up",Negative
"Worst update frequency",Negative
"Perfect website traffic",Positive
"Extremely poor performance monitoring",Negative
"Great user behavior analysis",Positive
"Extremely poor optimization",Negative
"Outstanding thought leadership",Positive
"Worst adoption failure",Negative
"Normal inventory tracking",Neutral
"Regular maintenance windows",Neutral
"Adequate backup systems",Neutral
"Normal build automation",Neutral
"Great optimization results",Positive
"Perfect approval workflows",Positive
"Standard scenario planning",Neutral
"Great professional development",Positive
"Extremely poor change tracking",Negative
"Amazing heat map insights",Positive
"Typical authentication system",Neutral
"Absolutely terrible team dynamics",Negative
"Regular testing framework",Neutral
"Great bandwidth efficiency",Positive
"Excellent benchmarking",Positive
"Absolutely no expertise growth",Negative
"Outstanding quality culture",Positive
"Perfect organic reach",Positive
"Completely unreliable and buggy",Negative
"Great collaboration tools",Positive
"Worst employee satisfaction",Negative
"Regular segmentation tools",Neutral
"Completely inadequate uptime",Negative
"Excellent monitoring tools",Positive
"Absolutely terrible metrics",Negative
"Extremely poor reminders",Negative
"Excellent revenue impact",Positive
"Standard user interface design",Neutral
"Typical space planning",Neutral
"Completely failed productivity",Negative
"Adequate for basic business needs",Neutral
"Absolutely terrible suppliers",Negative
"Outstanding audit readiness",Positive
"Completely failed social media",Negative
"Regular content performance",Neutral
"Normal integration methods",Neutral
"Great process improvement",Positive
"Extremely negative word-of-mouth",Negative
"Worst customer service I've ever experienced",Negative
"Excellent legacy support",Positive
"Standard access controls",Neutral
"Superb performance every time",Positive
"Perfect backup verification",Positive
"Normal predictive models",Neutral
"Standard contract management",Neutral
"Incredible attention to detail",Positive
"Standard analytics integration",Neutral
"Terrible chart quality",Negative
"Standard meeting tools",Neutral
"Worst customer acquisition",Negative
"Terrible selling points",Negative
"Completely outdated technology",Negative
"Excellent bug tracking",Positive
"Great organizational change",Positive
"Absolutely terrible user interface",Negative
"Amazing profit analysis",Positive
"Worst single sign-on implementation",Negative
"Typical scalability options",Neutral
"Extremely poor action items",Negative
"Completely failed governance",Negative
"Standard financial metrics",Neutral
"Extremely poor closure rates",Negative
"Perfect retention strategies",Positive
"Worst version control",Negative
"Worst efficiency losses",Negative
"Amazing capacity management",Positive
"Outstanding personalization",Positive
"Absolutely no customer focus",Negative
"Absolutely no machine learning",Negative
"Perfect market coverage",Positive
"Absolutely no network effects",Negative
"Typical optimization tools",Neutral
"Outstanding budget control",Positive
"Great risk mitigation",Positive
"Absolutely no feature delivery",Negative
"Normal stock tracking",Neutral
"Adequate lead generation",Neutral
"Great disaster planning",Positive
"Terrible backup solutions",Negative
"Extremely poor sales reach",Negative
"Standard security features included",Neutral
"Standard feedback collection",Neutral
"Completely failed adoption",Negative
"Normal project tracking",Neutral
"Worst lifetime value",Negative
"Terrible review workflows",Negative
"Great return on investment",Positive
"Excellent value demonstration",Positive
"Terrible acknowledgment system",Negative
"Extremely frustrating to use daily",Negative
"Adequate SEO features",Neutral
"Normal uptime tracking",Neutral
"Standard self-service options",Neutral
"Amazing penetration testing",Positive
"Absolutely no user management",Negative
"Completely unreliable recovery",Negative
"Top-notch build quality",Positive
"Standard functionality is present",Neutral
"Outstanding restore testing",Positive
"Adequate video conferencing",Neutral
"Amazing trend analysis",Positive
"Extremely poor optimization",Negative
"Regular webinar capabilities",Neutral
"Completely failed satisfaction",Negative
"Fantastic features and capabilities",Positive
"Great engagement metrics",Positive
"Average performance for this category",Neutral
"Excellent customer focus",Positive
"Adequate development tools",Neutral
"Extremely poor business case",Negative
"Absolutely no resource efficiency",Negative
"Regular customer support response",Neutral
"Horrible performance and speed",Negative
"Perfect adoption success",Positive
"Completely failed partnerships",Negative
"Worst risk management",Negative
"Absolutely no comment system",Negative
"Normal pipeline management",Neutral
"Great demographic reach",Positive
"Worst team alignment ever",Negative
"Excellent mobile compatibility",Positive
"Excellent user adoption",Positive
"Excellent expense tracking",Positive
"Adequate support documentation",Neutral
"Great password policies",Positive
"Excellent GDPR compliance",Positive
"Worst alliance management",Negative
"Extremely poor customer experience",Negative
"Regular performance tracking",Neutral
"Normal energy tracking",Neutral
"Perfect load balancing",Positive
"Standard efficiency improvements",Neutral
"Amazing distribution network",Positive
"Extremely poor expansion",Negative
"Outstanding deadline management",Positive
"Excellent team alignment",Positive
"Extremely slow response times",Negative
"Amazing talent retention",Positive
"Completely failed maintenance",Negative
"Standard notification systems",Neutral
"Amazing real-time updates",Positive
"Great profit margins",Positive
"Worst panel participation",Negative
"Extremely poor expansion results",Negative
"Completely failed ROI measurement",Negative
"Terrible cost optimization",Negative
"Typical form builders",Neutral
"Perfect for professional use",Positive
